predict,id_user
-0.0363954457394699,10.0
-0.0363954457394699,10.0
-0.0363954457394699,10.0
-0.0363954457394699,10.0
-0.0363954457394699,5.0
-0.0363954457394699,4.0
-0.0363954457394699,4.0
